Key;English;French;German;Polish;Spanish;Italian;Swedish;Czech;Hungarian;Dutch;Portuguese;Russian;Finnish;
BRB;Brabant;;;;;;;;;;;;;
BRB_ADJ;Brabantian;;;;;;;;;;;;;
BRB_democracy;Brabantian Republic;;;;;;;;;;;;;
BRB_presidential_dictatorship;Regency of Brabant;;;;;;;;;;;;;
BRB_fascist_dictatorship;Belgica;;;;;;;;;;;;;
BRB_proletarian_dictatorship;Brabantian Commune;;;;;;;;;;;;;
ZPD;Zapadoslavia;;;;;;;;;;;;;
ZPD_ADJ;West Slavic;;;;;;;;;;;;;
ZPD_absolute_monarchy;Crown of St. Wenceslas;;;;;;;;;;;;;
ZPD_fascist_dictatorship;Lechia;;;;;;;;;;;;;
ZPD_proletarian_dictatorship;Union of West Slavic Socialist Republics;;;;;;;;;;;;;
ZPD_reactionary;Strana konzervativního velkostatku;;;;;;;;;;;;;
ZPD_liberal;Strana ústavoverného velkostatku;;;;;;;;;;;;;
ZPD_liberal_2;Polska Partia Regionalistyczna;;;;;;;;;;;;;
ZPD_conservative;Národní strana;;;;;;;;;;;;;
ZPD_conservative_2;Zgromadzenie Krakowskie;;;;;;;;;;;;;
ZPD_radical;Svatováclavský výbor;;;;;;;;;;;;;
ZPD_socialist;Sociálne demokratická strana západoslovanská;;;;;;;;;;;;;
ZPD_communist;Komunistická strana západoslovanská;;;;;;;;;;;;;
ZPD_fascist;Národní obec fašistická;;;;;;;;;;;;;
BYZ_ADJ;Byzantine;byzantin;Byzantinisch;;Bizantina;;;;;;;;;
BYZ_conservative;Aftokratorikó Kómma;Komma Ethnikofronon;Komma Ethnikofronon;;Komma Ethnikofronon;;;;;;;;;
BYZ_reactionary;Ellinikó Kómma;Kómma Paleologós;Kómma Paleologós;;Kómma Paleologós;;;;;;;;;
BYZ_liberal;Fileléfthero Kómma;Kómma Fileleftheron;Kómma Fileleftheron;;Kómma Fileleftheron;;;;;;;;;
BYZ_radical;Neoteristikon Kómma;Neoteristikon Kómma;Neoteristikon Kómma;;Neoteristikon Kómma;;;;;;;;;
BYZ_socialist;Sosialistikó Kómma Romaikós;Sosialistikó Kómma Byzantós;Sosialistikó Kómma Byzantós;;Sosialistikó Kómma Byzantós;;;;;;;;;
BYZ_communist;Kommounistikó Kómma Romaikós;Kommounistikó Kómma Byzantós;Kommounistikó Kómma Byzantós;;Kommounistikó Kómma Byzantós;;;;;;;;;
BYZ_fascist;Kómma ton Eleutherofróvon;Kómma ton Eleutherofróvon;Kómma ton Eleutherofróvon;;Kómma ton Eleutherofróvon;;;;;;;;;
BYZ_absolute_monarchy;The Empire of Rhomania;;;;;;;;;;;;;
BYZ_hms_government;The Empire of Rhomania;;;;;;;;;;;;;
BYZ_prussian_constitutionalism;The Empire of Rhomania;;;;;;;;;;;;;
BYZ_absolute_monarchy_ADJ;Rhomanian;;;;;;;;;;;;;
BYZ_prussian_constitutionalism_ADJ;Rhomanian;;;;;;;;;;;;;
BYZ_hms_government_ADJ;Rhomanian;;;;;;;;;;;;;
BYZ_proletarian_dictatorship;Rhomanian Worker's Republic;;;;;;;;;;;;;
BYZ_democracy;Rhomanian Republic;;;;;;;;;;;;;
BYZ_fascist_dictatorship;The Roman Empire;;;;;;;;;;;;;
BYZ_proletarian_dictatorship_ADJ;Rhomanian;;;;;;;;;;;;;
BYZ_fascist_dictatorship_ADJ;Roman;;;;;;;;;;;;;
ARE;Arles;;;;;;;;;;;;;
ARE_ADJ;Arelat;;;;;;;;;;;;;
ARE_absolute_monarchy;Arles;;;;;;;;;;;;;
ARE_prussian_constitutionalism;Arles;;;;;;;;;;;;;
ARE_hms_government;Arles;;;;;;;;;;;;;
ARE_democracy;Lower Burgundy;;;;;;;;;;;;;
ARE_presidential_dictatorship;Lower Burgundy;;;;;;;;;;;;;
ARE_fascist_dictatorship;Lower Burgundy;;;;;;;;;;;;;
ARE_proletarian_dictatorship;Lower Burgundian Commune;;;;;;;;;;;;;
ARE_reactionary;Reactionary Party Placeholder;;;;;;;;;;;;;
ARE_liberal;Liberal Party Placeholder;;;;;;;;;;;;;
ARE_conservative;Conservative Party Placeholder;;;;;;;;;;;;;
ARE_radical;Radical Party Placeholder;;;;;;;;;;;;;
ARE_socialist;Socialist Party Placeholder;;;;;;;;;;;;;
ARE_communist;Communist Party Placeholder;;;;;;;;;;;;;
ARE_fascist;Fascist Party Placeholder;;;;;;;;;;;;;
DAN;Daneland;;;;;;;;;;;;;
DAN_ADJ;Danelander;;;;;;;;;;;;;
DAN_absolute_monarchy;Daneland;;;;;;;;;;;;;
DAN_prussian_constitutionalism;Daneland;;;;;;;;;;;;;
DAN_hms_government;Daneland;;;;;;;;;;;;;
DAN_democracy;Republic of Daneland;;;;;;;;;;;;;
DAN_presidential_dictatorship;Republic of Daneland;;;;;;;;;;;;;
DAN_fascist_dictatorship;Danelander State;;;;;;;;;;;;;
DAN_proletarian_dictatorship;Dano-English Socialist Republic;;;;;;;;;;;;;
NSB;North Sea Union;;;;;;;;;;;;;
NSB_ADJ;Nordseebunder;;;;;;;;;;;;;
NSB_absolute_monarchy;Lower Saxony;;;;;;;;;;;;;
NSB_prussian_constitutionalism;Lower Saxony;;;;;;;;;;;;;
NSB_hms_government;Lower Saxony;;;;;;;;;;;;;
NSB_democracy;North Sea Union;;;;;;;;;;;;;
NSB_presidential_dictatorship;North Sea Union;;;;;;;;;;;;;
NSB_fascist_dictatorship;Union of North German States;;;;;;;;;;;;;
NSB_proletarian_dictatorship;Socialist Republic of the North Sea;;;;;;;;;;;;;
ENG;England;;;;;;;;;;;;;
ENG_ADJ;English;;;;;;;;;;;;;
ENG_fascist_dictatorship;Empire of Albion;;;;;;;;;;;;;
ENG_proletarian_dictatorship;English Socialist Republic;;;;;;;;;;;;;
WLG;Wolgast;;;;;;;;;;;;;
WLG_ADJ;Wolgaster;;;;;;;;;;;;;
STT;Stettin;;;;;;;;;;;;;
STT_ADJ;Stettin;;;;;;;;;;;;;
VID;Vidzeme;;;;;;;;;;;;;;
VID_ADJ;Vidzemian;;;;;;;;;;;;;;
DOR;Dorpat;;;;;;;;;;;;;;
DOR_ADJ;Dorpatian;;;;;;;;;;;;;;
KUR;Duchy of Courland;;;;;;;;;;;;;
KUR_ADJ;Curonian;;;;;;;;;;;;;
VOC;United East India Company;;;;;;;;;;;;;
VOC_ADJ;VOC;;;;;;;;;;;;;
UQA;Al-Uqaydat;;;;;;;;;;;;;
UQA_ADJ;Bedouin;;;;;;;;;;;;;
anglo_saxon;English;;;;;;;;;;;;;
danelander;Danelander;;;;;;;;;;;;;
griko;Griko;;;;;;;;;;;;;
lower_burgundian;Lower Burgundian;;;;;;;;;;;;;
upper_burgundian;Upper Burgundian;;;;;;;;;;;;;
french;Oïlitan;;;;;;;;;;;;;
muwalladun;Muladí;;;;;;;;;;;
andalusian;Andalusian;;;;;;;;;;;;;
DEBUG_REGION;Unused provinces;;;;;;;;;;;;;
SPA_507;Balansiyah;;;;;;;;;;;;;
SPA_489;Tulaytullah;;;;;;;;;;;;;
AUS_3324;Red Ruthenia;;;;;;;;;
AUS_648;Crisana;;;;;;;;;
PROV676;Chisinau;Kishinyov;Kishinyov;;Kishinyov;;;;;;;;;
TUR_788;Vosona;;;;;;;;;
BYZ_863;Opsikion;;;;;;;;;
BYZ_883;Paphlagonia;;;;;;;;;
BYZ_873;Anatolikon;;;;;;;;;
BYZ_921;Cappadocia;;;;;;;;;
BYZ_875;Cibyrrhaeoton;;;;;;;;;
BYZ_894;Cilicia;;;;;;;;;
BYZ_869;Thrakesion;;;;;;;;;
BYZ_879;Armeniakon;;;;;;;;;
BYZ_1096;Moschia;;;;;;;;;
anatolian;Anatolian Greek;;;;;;;;;;;;;
pontic;Pontic Greek;;;;;;;;;;;;;
league;League;;;;;;;;;;;;;
LOM_absolute_monarchy;Cisalpine Kingdom;;;;;;;;;;;;;
LOM_prussian_constitutionalism;Cisalpine Kingdom;;;;;;;;;;;;;
LOM_hms_government;Cisalpine Kingdom;;;;;;;;;;;;;
LOM_proletarian_dictatorship;Cisalpine Commune;;;;;;;;;;;;;
LOM_league;League of Milan;;;;;;;;;;;;;
UKR_colonial_company;Southwestern Krai;;;;;;;;;;;;;
TKS_colonial_company;Steppe Krai;;;;;;;;;;;;;
MGT;Manghit Emirate;;;;;;;;;;;;;
MGT_absolute_empire;The Manghit Empire;;;;;;;;;;;;;
MGT_semi_constitutional_empire;The Manghit Empire;;;;;;;;;;;;;
MGT_constitutional_empire;The Manghit Empire;;;;;;;;;;;;;
MGT_ADJ;Manghit;;;;;;;;;;;;;
MGT_democracy;Turkestan;;;;;;;;;;;;;
MGT_presidential_dictatorship;Turkestan;;;;;;;;;;;;;
MGT_fascist_dictatorship;Turkish State;;;;;;;;;;;;;
MGT_proletarian_dictatorship;Union of Turkic Peoples;;;;;;;;;;;;;
indian_monarchy;Princely State;;;;;;;;;;;;;
BNG_colonial_company;Bengal Protectorate;;;;;;;;;;;;;
IRY;Iryai;;;;;;;;;;;;;
IRY_ADJ;Iryai;;;;;;;;;;;;;
IRY_fascist_dictatorship;Tumed State;;;;;;;;;;;;;
IRY_proletarian_dictatorship;Union of Steppe Peoples;;;;;;;;;;;;;
GRE_absolute_empire;The Hellenic Empire;;;;;;;;;;;;;
GRE_constitutional_empire;The Hellenic Empire;;;;;;;;;;;;;
GRE_semi_constitutional_empire;The Hellenic Empire;;;;;;;;;;;;;
catepanate_of_ras;Catepanate of Ras;;;;;;;;;;;;;
catepanate_of_illyria;Catepanate of Illyria;;;;;;;;;;;;;
RUS_BYZ_alliance;We have reconciled with Russia.;;;;;;;;;;;;;
TAI_absolute_monarchy;Tungning;;;;;;;;;;;;;
YNN_absolute_monarchy;Dali;;;;;;;;;;;;;
HNN_absolute_monarchy;Chu;;;;;;;;;;;;;
HUI_absolute_monarchy;Shun;;;;;;;;;;;;;
SXI_absolute_monarchy;Qin;;;;;;;;;;;;;
SZC_absolute_monarchy;Shu;;;;;;;;;;;;;
HUB;Hubei;;;;;;;;;;;;;
HUB_ADJ;Hubei;;;;;;;;;;;;;
HUB_absolute_monarchy;Liang;;;;;;;;;;;;;
HEB;Hebei;;;;;;;;;;;;;
HEB_ADJ;Hebei;;;;;;;;;;;;;
HEB_absolute_monarchy;Yan;;;;;;;;;;;;;
JIA;Jiangxi;;;;;;;;;;;;;
JIA_ADJ;Jiangxi;;;;;;;;;;;;;
JIA_absolute_monarchy;Ning;;;;;;;;;;;;;
GNG_democracy;Nanyue;;;;;;;;;;;;;
FJN_democracy;Minyue;;;;;;;;;;;;;
GNG_absolute_monarchy;Nanyue;;;;;;;;;;;;;
FJN_absolute_monarchy;Minyue;;;;;;;;;;;;;
YUE;Dayue;;;;;;;;;;;;;
YUE_ADJ;Yue;;;;;;;;;;;;;
YUE_democracy;Yue Republic;;;;;;;;;;;;;
YUE_presidential_dictatorship;League of Southeast Provinces;;;;;;;;;;;;;
YUE_proletarian_dictatorship;Socialist Republic of Yue;;;;;;;;;;;;;
CHI_warlord_reactionary;Isolationists;;;;;;;;;;;;;
CHI_warlord_reactionary_2;Yiguandao;;;;;;;;;;;;;
CHI_warlord_conservative;Aristocracy;;;;;;;;;;;;;
CHI_warlord_conservative_2;Chinese People's Party;;;;;;;;;;;;;
CHI_warlord_liberal;Western Advisors;;;;;;;;;;;;;
CHI_warlord_liberal_2;Kuomintang;;;;;;;;;;;;;
CHI_warlord_radical;European Trade Agencies;;;;;;;;;;;;;
CHI_warlord_fascist;Young China Party;;;;;;;;;;;;;
CHI_warlord_socialist;Han Democratic Alliance;;;;;;;;;;;;;
CHI_warlord_communist;Chinese Communist Party;;;;;;;;;;;;;
central_kingdom_wars;Wars of the Central Kingdoms;;;;;;;;;;;;;
wu;Wu;;;;;;;;;;;;;
YUE_shared_reactionary;Nobility Faction;;;;;;;;;;;;;
YUE_shared_reactionary_2;National Protection League;;;;;;;;;;;;;
YUE_shared_conservative;Merchant Faction;;;;;;;;;;;;;
YUE_shared_conservative_2;Constitutional Assembly;;;;;;;;;;;;;
YUE_shared_liberal;Western Interest Faction;;;;;;;;;;;;;
YUE_shared_liberal_2;Public Interest Party;;;;;;;;;;;;;
YUE_shared_radical;European Trade Agencies;;;;;;;;;;;;;
YUE_shared_fascist;Great Yue Society;;;;;;;;;;;;;
YUE_shared_socialist;Rural Agrarian Union;;;;;;;;;;;;;
YUE_shared_communist;Yue Revolutionary Party;;;;;;;;;;;;;
BRU_1397;Sabah;;;;;;;;;;;;;
YUE_liberate_wu;We have liberated the Wu.;;;;;;;;;;;;;
YUE_northern_expedition;We have liberated the Hakka.;;;;;;;;;;;;;
YUE_formalize_southern_borders;We have secured the Southern border.;;;;;;;;;;;;;
YUE_annex_taiwan;We have integrated Taiwan.;;;;;;;;;;;;;
YUE_reinforce_bo_ni;We have reinforced our holdings in Borneo.;;;;;;;;;;;;;
kongsi_immigration;Kongsi Immigration;;;;;;;;;;;;;
chinese_warfare;Chinese Warfare;;;;;;;;;;;;;
china_annex;Annex Chinese Nation;;;;;;;;;;;;;
china_annex_desc;Advance the §YChinese Reunification;;;;;;;;;;;;;
china_annex_short;Annex $RECIPIENT$;;;;;;;;;;;;;
china_annex_setup;*Rise of Kingdoms ad 'Bring it on!' sound effect*;;;;;;;;;;;;;
chinese_warfare_desc;Chinese armies are used to the lack of modern equipment, instead relying on locally-produced firearms and centuries-old techniques.;;;;;;;;;;;;;
central_kingdom_wars_desc;The struggle for China has begun!;;;;;;;;;;;;;
KOR_HEB_war;Improved Logistics;;;;;;;;;;;;;
IRY_wool_production;Increased Wool Demand;;;;;;;;;;;;;
IRY_wool_production_desc;Farmers make sure to work overtime due to increased demand of wool to supply Chinese armies.;;;;;;;;;;;;;
XIE;The Xie Empire;;;;;;;;;;;;;
XIE_ADJ;Xie;;;;;;;;;;;;;
XIE_democracy;The Republic of China;;;;;;;;;;;;;
XIE_proletarian_dictatorship;People's Republic of China;;;;;;;;;;;;;
TUT;Tultaehan;;;;;;;;;;;;;
TUT_ADJ;Sino-Korean;;;;;;;;;;;;;
TUT_democracy;The Sino-Korean Federation;;;;;;;;;;;;;
TUT_proletarian_dictatorship;East Asian People's Republic;;;;;;;;;;;;;
IRY_reactionary;Mongol Nobility;;;;;;;;;;;;;
IRY_reactionary_2;Mongol Nobility Alliance;;;;;;;;;;;;;
IRY_conservative;Loyalist Faction;;;;;;;;;;;;;
IRY_conservative_2;Tangut Reform Party;;;;;;;;;;;;;
IRY_liberal;Reform Faction;;;;;;;;;;;;;
IRY_liberal_2;Kuomintang - Iryai Agency;;;;;;;;;;;;;
IRY_radical;Silk Road Coalition;;;;;;;;;;;;;
IRY_fascist;Movement of Warlike Buddhists;;;;;;;;;;;;;
IRY_socialist;Rural Agrarian Union;;;;;;;;;;;;;
IRY_communist;Mongol Communist Party;;;;;;;;;;;;;
XIE_reactionary;Isolationists;;;;;;;;;;;;;
XIE_reactionary_2;Inward Perfection Party;;;;;;;;;;;;;
XIE_conservative;Loyalist Faction;;;;;;;;;;;;;
XIE_conservative_2;Imperial Loyalist Alliance;;;;;;;;;;;;;
XIE_liberal;Reform Faction;;;;;;;;;;;;;
XIE_liberal_2;National Prosperity League;;;;;;;;;;;;;
XIE_radical;Han Republican Convention;;;;;;;;;;;;;
XIE_fascist;Movement of Warlike Buddhists;;;;;;;;;;;;;
XIE_socialist;Kuomintang;;;;;;;;;;;;;
XIE_communist;Chinese Communist Party;;;;;;;;;;;;;
WAR_GREAT_INDIAN_NAME;Great Indian War;;;;;;;;;;;;;
BAV_zollverein;Zollverein (Leader);;;;;;;;;;;;;
zollverein;Zollverein (Member);;;;;;;;;;;;;
BAV_zollverein_desc;The Zollverein (or the German Customs Union) is a coalition of German states formed to manage tariffs and economic policies within their territories. Its foundations had been in development from the 1780s with the attempted centralisation of the Holy Roman Empire spearheaded by the Bavarian kings.;;;;;;;;;;;;;
zollverein_desc;The Zollverein (or the German Customs Union) is a coalition of German states formed to manage tariffs and economic policies within their territories. Its foundations had been in development from the 1780s with the attempted centralisation of the Holy Roman Empire spearheaded by the Bavarian kings.;;;;;;;;;;;;;
german_dream;The German Dream;;;;;;;;;;;;;
VEN_colonial_company;Kingdom of Venetia;;;;;;;;;;;;;
german_unification_desc;Assert our dominance in §YGermany;;;;;;;;;;;;;
german_unification_short;Kick $RECIPIENT$ out of Germany;;;;;;;;;;;;;
german_unification_setup;Fiat iustitia!;;;;;;;;;;;;;
SAF;Kaapland;;;;;;;;;;;;;
SAF_absolute_monarchy;Afrikaner Kingdom;;;;;;;;;;;;;
SAF_prussian_constitutionalism;Afrikaner Kingdom;;;;;;;;;;;;;
SAF_hms_government;Afrikaner Kingdom;;;;;;;;;;;;;
SAF_democracy;South African Republic;;;;;;;;;;;;;
SAF_presidential_dictatorship;Kaapland;;;;;;;;;;;;;
SAF_fascist_dictatorship;Volkstaat Suidafrika;;;;;;;;;;;;;
SAF_proletarian_dictatorship;Socialist Republic of the Cape;;;;;;;;;;;;;
SNF;Sotho-Nguni Federation;;;;;;;;;;;;;
new_breton;New Breton;;;;;;;;;;;;;
great_trek;The Great Trek;;;;;;;;;;;;;
great_trek_desc;Boers disillusioned with the Company's policies are leaving the Cape Colony en masse, instead venturing deep into the Sotho lands.;;;;;;;;;;;;;
young_cape;The Young Cape;;;;;;;;;;;;;
young_cape_desc;Our newly-established republic is seen as the greatest achievement of the Afrikaner people, being the culmination of years worth of work. Morale is high, and future seems as bright as ever.;;;;;;;;;;;;;
returning_trekkers;Returning Trekkers;;;;;;;;;;;;;
returning_trekkers_desc;Many Boers who fled persecution into the African interior are returning to our country.;;;;;;;;;;;;;
WEL;Welserland;;;;;;;;;;;;;
WEL_ADJ;Welserlandic;;;;;;;;;;;;;
welserlandisch;Welserlandisch;;;;;;;;;;;;;
SAH;Sahel Al-Wafir;;;;;;;;;;;;;
SAH_ADJ;Wafirian;;;;;;;;;;;;;
SAH_absolute_monarchy;Garnata al-Jadida;;;;;;;;;;;;;
SAH_prussian_constitutionalism;Garnata al-Jadida;;;;;;;;;;;;;
SAH_hms_government;Garnata al-Jadida;;;;;;;;;;;;;
BIR;Biru;;;;;;;;;;;;;
BIR_ADJ;Biruan;;;;;;;;;;;;;
AAL;Ard Al-Hurriyah;;;;;;;;;;;;;
AAL_ADJ;Hurriyan;;;;;;;;;;;;;
AAL_fascist_dictatorship;Janatiyun Caliphate;;;;;;;;;;;;;
janatiyin;Janatiyin;;;;;;;;;;;;;
antillean_native;Antillean Native;;;;;;;;;;;;;
aragonese;Eastern Espanian;;;;;;;;;;;;;
baetican;Betician;;;;;;;;;;;;;
espanian;Espanian;;;;;;;;;;;;;
mauretanian_crusade;North African Crusade;;;;;;;;;;;;;
mauretanian_crusade_desc;Take a state in §YNorth Africa;;;;;;;;;;;;;
mauretanian_crusade_short;Take $STATE$;;;;;;;;;;;;;
mauretanian_crusade_setup;Take a North African state. \n§RAdding this CB will cost 5 infamy!§!;;;;;;;;;;;;;
NORMAL_WAR_MAURETANIAN_CRUSADE;$FIRST$ Crusade for $STATE$;;;;;;;;;;;;;
AGRESSION_WAR_MAURETANIAN_CRUSADE;$FIRST$ Crusade for $STATE$;;;;;;;;;;;;;
espanian_cultural_unity;Espanian Cultural Unity;;;;;;;;;;;;;
espanian_cultural_unity_desc;New schooling policies are slowly assimilating patois-speaking Iberians.;;;;;;;;;;;;;
SPA_reverse_arabization;Reverse Arabization;;;;;;;;;;;;;
SPA_reverse_arabization_desc;The state's attention is focused on spreading the Espanian languages among the Mozarabic population of Iberia.;;;;;;;;;;;;;
SPA_bureaucratic_mess;Bureaucratic Mess;;;;;;;;;;;;;
SPA_bureaucratic_mess_desc;Lack of a uniform language greatly hampers the government's ability to effectively issue orders and administer the countryside.;;;;;;;;;;;;;
culture_conversion;Ongoing Culture Conversion;;;;;;;;;;;;;
culture_conversion_small;Ongoing Culture Conversion (Small);;;;;;;;;;;;;
espanian_cultural_unity_2;Great Language Reform Expertise;;;;;;;;;;;;;
espanian_cultural_unity_2_desc;The Great Language Reform allowed us to make the bureaucratic apparatus straightforward and efficient, while also giving us valuable expertise in education.;;;;;;;;;;;;;
ADU_arabization;The Conversion Decree;;;;;;;;;;;;;
ADU_arabization_desc;The Conversion Decree helps us rapidly assimilate those who do not follow our customs.;;;;;;;;;;;;;
BRB_unify_low_franconia;We have integrated Low Saxony.;;;;;;;;;;;;;
BRB_save_england;We have freed England.;;;;;;;;;;;;;
BRB_feudalism;Vestiges of Feudalism;;;;;;;;;;;;;
BRB_feudalism_desc;Brabant is, frankly, not much of a state, and definitely is not a nation.;;;;;;;;;;;;;
WST;Westland;;;;;;;;;;;;;
WST_ADJ;Westlandic;;;;;;;;;;;;;
WST_proletarian_dictatorship;Union of West Germanic Peoples;;;;;;;;;;;;;
caerlleon;Peace of Caerlleon;;;;;;;;;;;;;
caerlleon_desc;Peace of Caerlleon is an agreement between Daneland and the Celtic Union signed in 1822. It consists of a non-aggression pact, a customs union and a promise to not intervene in each other's internal affairs.;;;;;;;;;;;;;
caerlleon_member;Is a signatory of the Peace of Caerlleon;;;;;;;;;;;;;
english_uprising;England is in revolt!;;;;;;;;;;;;;
AGRESSION_CIVIL_WAR_NAME_DAN_ENG;Second Martlet Revolt;;;;;;;;;;;;;
NORMAL_CIVIL_WAR_NAME_DAN_ENG;Second Martlet Revolt;;;;;;;;;;;;;
russian_help;Russian Help;;;;;;;;;;;;;
russian_help_desc;Russian military advisors are helping us modernize.;;;;;;;;;;;;;
reforming_the_catepanates;Reforming the Catepanates;;;;;;;;;;;;;
reforming_the_catepanates_desc;The Catepanate system is being reformed, which is expected to lead to the full integration of the Sklavenoi into the Empire.;;;;;;;;;;;;;
NORMAL_WAR_CONQUEST_ANY_NAME_BYZ_CRO;Great Slavic Revolt;;;;;;;;;;;;;
NORMAL_WAR_CONQUEST_ANY_NAME_BYZ_SER;Great Slavic Revolt;;;;;;;;;;;;;
celtification;Celtification;;;;;;;;;;;;;
ayllonian;Ayllonian;;;;;;;;;;;;;
californian;Californian;;;;;;;;;;;;;
fluvialean;Fluvialean;;;;;;;;;;;;;
new_basque;New Basque;;;;;;;;;;;;;
AYL;Ayllonia;;;;;;;;;;;;;
AYL_ADJ;Ayllonian;;;;;;;;;;;;;
AYL_fascist_dictatorship;The Golden Circle;;;;;;;;;;;;;
AYL_presidential_dictatorship;The Ambrosian Republic;;;;;;;;;;;;;
AYL_proletarian_dictatorship;Ambrosian Commune;;;;;;;;;;;;;
FLU;Fluvial Republic;;;;;;;;;;;;;
FLU_ADJ;Fluvial;;;;;;;;;;;;;
FLU_absolute_monarchy;Fluvial Kingdom;;;;;;;;;;;;;
FLU_prussian_constitutionalism;Fluvial Kingdom;;;;;;;;;;;;;
FLU_hms_government;Fluvial Kingdom;;;;;;;;;;;;;
FLU_proletarian_dictatorship;Fluvial Socialist Republic;;;;;;;;;;;;;
AAA_anarcho_liberal_1;Free Trade Party;;;;;;;;;;;;;
AAA_anarcho_liberal_2;Radicals;;;;;;;;;;;;;
AAA_communist_1;Workers' Party;;;;;;;;;;;;;
AAA_communist_2;Internationalists;;;;;;;;;;;;;
AAA_conservative_1;Loyalists;;;;;;;;;;;;;
AAA_conservative_2;Centrists;;;;;;;;;;;;;
AAA_conservative_3;Monarchists;;;;;;;;;;;;;
AAA_conservative_4;Moderates;;;;;;;;;;;;;
AAA_conservative_5;National Democratic Party;;;;;;;;;;;;;
AAA_fascist_1;Patriotic Front;;;;;;;;;;;;;
AAA_fascist_2;Phalanxists;;;;;;;;;;;;;
AAA_liberal_1;Republican Party;;;;;;;;;;;;;
AAA_liberal_2;Parliamentarists;;;;;;;;;;;;;
AAA_liberal_3;Reformists;;;;;;;;;;;;;
AAA_liberal_4;Liberal Democrats;;;;;;;;;;;;;
AAA_liberal_5;National Liberal Party;;;;;;;;;;;;;
AAA_reactionary_1;Traditionalists;;;;;;;;;;;;;
AAA_reactionary_2;Restorationists;;;;;;;;;;;;;
AAA_liberal_1;Social-Liberals;;;;;;;;;;;;;
AAA_socialist_1;National Socialists;;;;;;;;;;;;;
AAA_socialist_2;Labour Party;;;;;;;;;;;;;
AAA_socialist_3;People's Party;;;;;;;;;;;;;
AAA_socialist_4;Social Democrats;;;;;;;;;;;;;
AAA_socialist_5;Progressivists;;;;;;;;;;;;;
IRO;Iroquois;;;;;;;;;;;;;
IRO_league;Lacustrine Confederacy;;;;;;;;;;;;;
IRO_democracy;United Indian Nations;;;;;;;;;;;;;
IRO_fascist_dictatorship;Haudenosaunee;;;;;;;;;;;;;
IRO_proletarian_dictatorship;Lacustrine Socialist Republic;;;;;;;;;;;;;
IRO_ADJ;Iroquois;;;;;;;;;;;;;
lacustrine_native;Lacustrine Native;;;;;;;;;;;;;
ILD;Ildathach;;;;;;;;;;;;;
ILD_ADJ;Ildathach;;;;;;;;;;;;;
ildathach;Ildathach;;;;;;;;;;;;;
NBS;Vaskonia Berria;;;;;;;;;;;;;
NBS_ADJ;Vaskonian;;;;;;;;;;;;;
VRI;Vrijland;;;;;;;;;;;;;
VRI_ADJ;Vrijlander;;;;;;;;;;;;;
vrijlander;Vrijlander;;;;;;;;;;;;;
freedman;Freedman;;;;;;;;;;;;;
riograndense;Riograndense;;;;;;;;;;;;;
tooltip_1;Each 'llonian boy must understand that he must mind the letter Ve!\n;;;;;;;;;;;;;
if;If the following is true;;;;;;;;;;;;;
tooltip_2;You will not actually fall into a civil war.\n;;;;;;;;;;;;;
deisearaitach;Deisearaitach;;;;;;;;;;;;;
TGZ;Taguzgalpa;;;;;;;;;;;;;
TGZ_ADJ;Taguzgalpan;;;;;;;;;;;;;
mozarabic;Mozarabic;;;;;;;;;;;;;
tooltip_3;You will gain a conquest CB on your adversary.§b;;;;;;;;;;;;;
tooltip_4;Alis volat propriis (She flies with her own wings) is the motto of Ayllonia, referring to the Republic's independence from Spain.§b;;;;;;;;;;;;;
mex_yuc_war;Reunite Mexico;;;;;;;;;;;;;
mex_yuc_war_desc;Bring the §YYucatec Rebellion§! to its conclusion;;;;;;;;;;;;;
mex_yuc_war_short;Annex $RECIPIENT$;;;;;;;;;;;;;
mex_yuc_war_setup;Reunite Mexico with its rebellious province, Yucatan.;;;;;;;;;;;;;
NORMAL_WAR_MEXYUC;$FIRST$-$SECOND$ War;;;;;;;;;;;;;
AGRESSION_WAR_MEXYUC;$FIRST$-$SECOND$ War;;;;;;;;;;;;;
DIE;Dietsland;;;;;;;;;;;;;
DIE_ADJ;Dietslander;;;;;;;;;;;;;
dysfunctional_state;Dysfunctional State;;;;;;;;;;;;;
dysfunctional_state_desc;How are you planning to run a country when there are 5 other countries inside it?;;;;;;;;;;;;;
tooltip_5;Tuscans are heartless creatures.§b;;;;;;;;;;;;;
SIC;Sicily;;;;;;;;;;;;;
HAD;Hadhramaut;;;;;;;;;;;;;
HAD_ADJ;Hadhramauti;;;;;;;;;;;;;
SAY;Sayhad;;;;;;;;;;;;;
SAY_ADJ;Sayhadi;;;;;;;;;;;;;
sayhadi;Sayhadi;;;;;;;;;;;;;
SIC_absolute_monarchy;Kingdom of Sicily;;;;;;;;;;;;;
SIC_prussian_constitutionalism;Kingdom of Sicily;;;;;;;;;;;;;
SIC_hms_government;Kingdom of Sicily;;;;;;;;;;;;;
SIC_democracy;Sicilian Republic;;;;;;;;;;;;;
ITA_absolute_empire;The Italian Empire;;;;;;;;;;;;;
ITA_semi_constitutional_empire;The Italian Empire;;;;;;;;;;;;;
ITA_constitutional_empire;The Italian Empire;;;;;;;;;;;;;
german_unification;German Unification;;;;;;;;;;;;;
acadian_rush;Acadian Rush;;;;;;;;;;;;;
acadian_rush_desc;The Acadian Rush was a period of heavy immigration to the colony of Acadia following the persecution of the Martletist Wave of 1835-36, when many of those who were unhappy with the establishment in Europe decided to move to Colombia.;;;;;;;;;;;;;
tooltip_6;§RThe Hellenophiles will collapse!§!\n;;;;;;;;;;;;;
tooltip_7;§BThe Hellenophiles §!will gain §B2§! influence!\n;;;;;;;;;;;;;
hel_gain_1;§BThe Hellenophiles §!will gain §B1§! influence!\n;;;;;;;;;;;;;
hel_lose_1;§BThe Hellenophiles §!will lose §B1§! influence!\n;;;;;;;;;;;;;
hel_lose_3;§BThe Hellenophiles §!will lose §B3§! influence!\n;;;;;;;;;;;;;
hel_lose_5;§BThe Hellenophiles §!will lose §B5§! influence!\n;;;;;;;;;;;;;
hel_set_5;§BThe Hellenophile §!influence will be set at §B5§!.§b;;;;;;;;;;;;;
BYZ_crimean_war;Crimean War;;;;;;;;;;;;;
BYZ_crimean_war_desc;Push §YRussia§! out of the §YAzov Sea§!;;;;;;;;;;;;;
BYZ_crimean_war_short;Safeguard against $RECIPIENT$;;;;;;;;;;;;;
BYZ_crimean_war_setup;Push §YRussia§! out of the §YAzov Sea§!.;;;;;;;;;;;;;
NORMAL_WAR_ALL_CORES_NAME_RUS_BYZ;The Crimean War;;;;;;;;;;;;;
NORMAL_WAR_RESTORE_ORDER_NAME_BIR_SAH;The War of the Free;;;;;;;;;;;;;
NORMAL_WAR_RESTORE_ORDER_NAME_SAH_BIR;The War of the Free;;;;;;;;;;;;;
AST_liberal;Partit de Liure Comèrci;Parti du libre ?hange;Free Trade Party;;Partido del Libre Comercio;;;;;;;;;
AST_conservative;Partit Proteccionista;Parti protectionniste;Protectionist Party;;Partido Proteccionista;;;;;;;;;
AST_socialist;Partit Trabalhista;Parti travailliste australien;Australian Labour Party;;Partido Laborista Australiano;;;;;;;;;
AST_liberal_2;Partit Liberal;Parti lib?al;Liberal Party;;Partido Liberal;;;;;;;;;
AST_conservative_2;Partit de Campèstre;Parti national;Country Party;;Partido Nacional;;;;;;;;;
AST_communist;Partit Comunista;Parti communiste australien;Communist Party Australia;;Partido Comunista Australiano;;;;;;;;;
AST_reactionary;Govèrn de Chambon;Parti nationaliste;Nationalist Party;;Partido Nacionalista;;;;;;;;;
AST_radical;Partit Radical;Parti radical;Radical Party;;Partido Radical;;;;;;;;;
AST_fascist;Nòva Garda;;;;;;;;;;;;;
ny_sjaellander;Ny Sjaellander;;;;;;;;;;;;;
ATA_reactionary;Partit Imperialista;;;;;;;;;;;;;
ATA;Antartida;;;;;;;;;;;;;
ATA_ADJ;Antartidan;;;;;;;;;;;;;
antartidan;Antartidan;;;;;;;;;;;;;
afro_occitan;Afro Occitan;;;;;;;;;;;;;
qulla;Culani;;;;;;;;;;;;;
KIB;Kibaru;;;;;;;;;;;;;
KIB_ADJ;Kibaruan;;;;;;;;;;;;;
afro_french;Afro Oïlitan;;;;;;;;;;;;;
waramaran;Numanbolan;;;;;;;;;;;;;
waramaran_native;Numanbolan Native;;;;;;;;;;;;;
kuto_wolofian;Kuto Wolof;;;;;;;;;;;;;
KIB_conservative;Numanbola Protection Council;;;;;;;;;;;;;
KIB_conservative_2;National Democractic Party;;;;;;;;;;;;;
KIB_liberal;Reformist Circle;;;;;;;;;;;;;
KIB_liberal_2;Liberal Party;;;;;;;;;;;;;
KIB_reactionary;Exiled Nobility;;;;;;;;;;;;;
KIB_reactionary_2;National Rejuvenation;;;;;;;;;;;;;
KIB_radical;Kuto Wolof Merchants;;;;;;;;;;;;;
KIB_radical_2;Radical Union;;;;;;;;;;;;;
KIB_socialist;People's Party;;;;;;;;;;;;;
KIB_communist;Kibaruan Communist Party;;;;;;;;;;;;;
KIB_fascist;Arajanan Fundamentalist Coalition;;;;;;;;;;;;;
ARJ_communist;Arajanan Communist Party;;;;;;;;;;;;;
zanj;Zanj;;;;;;;;;;;;;
faruduan;Faruduan;;;;;;;;;;;;;
FRD;Faruduu;;;;;;;;;;;;;
FRD_ADJ;Faruduan;;;;;;;;;;;;;
ARJ;Arajana;;;;;;;;;;;;;
ARJ_ADJ;Arajanan;;;;;;;;;;;;;
league_ruler;President;;;;;;;;;;;;;
indian_monarchy_ruler;Your Majesty;;;;;;;;;;;;;
SOK_democracy;Hausaland;;;;;;;;;;;;;
SOK_presidential_dictatorship;Hausaland;;;;;;;;;;;;;
SOK_proletarian_dictatorship;Hausaland;;;;;;;;;;;;;
SOK_fascist_dictatorship;Hausaland;;;;;;;;;;;;;
slavery_profiting_country;Slavery Profiting Country;;;;;;;;;;;;;
ATA_mining_1;Expanded Mining Operations;;;;;;;;;;;;;
ATA_mining_2;Heavily Expanded Mining Operations;;;;;;;;;;;;;
ATA_meteorite_iron;Meteoric Iron;;;;;;;;;;;;;
giant_of_the_south;Hegemon of the South;;;;;;;;;;;;;
giant_of_the_south_desc;Antartida has secured its position as the master of the South Atlantic and the Araianan Cone.;;;;;;;;;;;;;
setup_leadership_buff;Starting Leadership Buff;;;;;;;;;;;;;
setup_leadership_buff_desc;This modifier gives every country 60 leadership points in February 1836 so they can get generals.;;;;;;;;;;;;;
CRP_leader;Szeged Conference Caller;;;;;;;;;;;;;
slavic_revolt;The Great Revolt;;;;;;;;;;;;;
FRA_conservative;Royaliste;;;;;;;;;;;;;
FRA_conservative_2;Action Libérale;;;;;;;;;;;;;
FRA_liberal;Alliance Démocratique;;;;;;;;;;;;;
FRA_reactionary;Ultraroyaliste;;;;;;;;;;;;;
FRA_radical;Républicain Radical;;;;;;;;;;;;;
FRA_socialist;Parti Ouvrier Français;;;;;;;;;;;;;
FRA_socialist_2;Section française de l'Internationale;;;;;;;;;;;;;
FRA_fascist;Action Française;;;;;;;;;;;;;
FRA_communist;Parti communiste français;;;;;;;;;;;;;
CLM_democracy;The Colombian Federation;;;;;;;;;;;;;
CLM_fascist_dictatorship;Gran Colombia;;;;;;;;;;;;;
native_nation;Native Nation;;;;;;;;;;;;;
native_nation_desc;We are a nation of Indigenous Colombians, and immigrants are unwilling to deal with us.;;;;;;;;;;;;;
NZL_overpop;Overpopulation;;;;;;;;;;;;;
NZL_overpop_desc;New Sjaelland is a peaceful bunch of islands tucked away in at the end of the world, and while this may make it attractive to settlers, the amount of land here is not infinite.;;;;;;;;;;;;;
SAF_overpop;Overpopulation;;;;;;;;;;;;;
SAF_overpop_desc;South Africa is a land of opportunity, sitting away from European wars and destruction. But while this may make it attractive to settlers, the amount of land here is not infinite.;;;;;;;;;;;;;
PHM;Phimai;;;;;;;;;;;;;
PHM_ADJ;Phimai;;;;;;;;;;;;;
reiszakers;Reiszakers;;;;;;;;;;;;;
reiszakers_moved_in;Reiszakers moved in;;;;;;;;;;;;;
tooltip_8;§RWe will gain cores on all unowned provinces of our new subject, but they will be transfered once the provinces are reconquered.§!\n;;;;;;;;;;;;;
JIM;Oromia;;;;;;;;;;;;;
JIM_absolute_monarchy;Jimma;;;;;;;;;;;;;
JIM_prussian_constitutionalism;Jimma;;;;;;;;;;;;;
JIM_proletarian_dictatorship;Oromo People's Republic;;;;;;;;;;;;;
JIM_fascist_dictatorship;Oromo State;;;;;;;;;;;;;
JIM_ADJ;Oromo;;;;;;;;;;;;;
TAQ;Taqali;;;;;;;;;;;;;;
TAQ_ADJ;Taqali;;;;;;;;;;;;;;
TAQ_theocracy;Makk Maniyel;;;;;;;;;;;;;;
TAQ_absolute_empire;The Anag Empire;;;;;;;;;;;;;;
TAQ_constitutional_empire;The Anag Empire;;;;;;;;;;;;;;
TAQ_semi_constitutional_empire;The Anag Empire;;;;;;;;;;;;;;
TAQ_theocracy_ADJ;Nilotic;;;;;;;;;;;;;;
TAQ_absolute_empire_ADJ;Nilotic;;;;;;;;;;;;;;
TAQ_constitutional_empire_ADJ;Nilotic;;;;;;;;;;;;;;
TAQ_semi_constitutional_empire_ADJ;Nilotic;;;;;;;;;;;;;;
ethiopian_minor;Ensetic;;;;;;;;;;;;;;
post_zemene_mesafint;Fallout of Zemene Mesafint;;;;;;;;;;;;;;
post_zemene_mesafint_desc;Zemene Mesafint, or The Age of Princes, was a period of civil war in Ethiopia following the collapse of the Empire in the 18th century. It brought untold destruction and death, and it will take years for the country to recover.;;;;;;;;;;;;;;
tooltip_9;The results of the investigation will be known in two weeks.§b;;;;;;;;;;;;;;
tooltip_10;Our country is in a reactionary §RRegency§!. The higher its influence, the higher is the cost for reforms.\n§!Current §RRegency§! influence is §RHigh§!!\n;;;;;;;;;;;;;;
ETH_show_inf_lvl;§!Current §RRegency§! influence is §RHigh§!!§b;;;;;;;;;;;;;;
ETH_regency_gain_1;§RRegency§! influence will §Rincrease§! by a §GSmall§! amount.\n;;;;;;;;;;;;;;
ETH_regency_gain_2;§RRegency§! influence will §Rincrease§! by a §YMedium§! amount.\n;;;;;;;;;;;;;;
ETH_regency_gain_3;§RRegency§! influence will §Rincrease§! by a §RLarge§! amount.\n;;;;;;;;;;;;;;
ETH_regency_gain_4;§RRegency§! influence will §Rincrease§! by a §RVery Large§! amount.\n;;;;;;;;;;;;;;
ETH_regency_lose_1;§RRegency§! influence will §Gdecrease§! by a §GSmall§! amount.\n;;;;;;;;;;;;;;
ETH_regency_lose_4;§RRegency§! influence will §Gdecrease§! by a §RVery Large§! amount.\n;;;;;;;;;;;;;;
ETH_insurgency;Eyes in the Shadows;;;;;;;;;;;;;;
ETH_search_in_progress;We are searching a province;;;;;;;;;;;;;;
ETH_ransacked;Ransacked;;;;;;;;;;;;;;
options_tt_1;Old HPM standard was to unlock crisis as soon as someone researched Revolution & Counterrevolution. This changed in recent versions to wait until 1886 at least, to avoid Great Wars during the scramble for Africa. If you prefer the old rule, this option will change this system back to that.§b;;;;;;;;;;;;;;
options_tt_2;In HPM, crisis only start after 1870 and after Revolution and Counter-revolution is researched and an event fires. This is to stop stuff like free Ireland in 1840 because of the militancy that the famine generates, among other weird crises. Selecting this option will remove these restrictions and make crisis happen from the start of the game, like it happens in Vanilla Victoria 2.§b;;;;;;;;;;;;;;
options_tt_3;A few province events related to the workplace, such as "The Old Man and the Sea", "All the Tea in PROVINCENAME" and "Blood and Iron Mine" can get quite spammy. You can use this option to completely disable them. A few events that only trigger because you have no or low workplace safety standards are still in though. Pass workplace reforms if you want to get rid of them.§b;;;;;;;;;;;;;;
options_tt_4;Disabling the Bankruptcy events will stop you from getting the CB and effects that happen when a country goes bankrupt on you. It won't stop the event for the AI nor will stop countries going bankrupt.§b;;;;;;;;;;;;;;
options_tt_on;This option is currently §GEnabled§!. Click to §RDisable§! it.§b;;;;;;;;;;;;;;
options_tt_off;This option is currently §RDisabled§!. Click to §GEnable§! it.§b;;;;;;;;;;;;;;
ai_event_cooldown;AI event cooldown;;;;;;;;;;;;;;
ai_event_cooldown_desc;Cooldown for AI-only events.;;;;;;;;;;;;;;
NORMAL_WAR_PUPPET_NAME_GNG_FJN;Kapok War;;;;;;;;;;;;;
NORMAL_WAR_PUPPET_NAME_FJN_GNG;Kapok War;;;;;;;;;;;;;
AGRESSION_WAR_PUPPET_NAME_GNG_FJN;Kapok War;;;;;;;;;;;;;
AGRESSION_WAR_PUPPET_NAME_FJN_GNG;Kapok War;;;;;;;;;;;;;
religious_effort;Religious Conversion Effort;;;;;;;;;;;;;
religious_effort_desc;We are focused on converting the unbelievers to the True Faith.\n§GThis modifier will massively increase religious conversion speed!§!;;;;;;;;;;;;;
NUB_taxation;Increased Taxation;;;;;;;;;;;;;;
NUB_taxation_desc;We are demanding more taxes from our population in order to develop the country.;;;;;;;;;;;;;;
maniyel_dead;Makk Maniyel is dead;;;;;;;;;;;;;
SOM_prov_gov_conservative;Koonfurta Confederation;;;;;;;;;;;;;;
SOM_colonial_company;Silcis Sultanate;;;;;;;;;;;;;;
ethiopian_somalian_cb;Imperial Conquest;;;;;;;;;;;;;
ethiopian_somalian_cb_desc;Reverse Somalia's gains during the §YZemene Mesafint§!;;;;;;;;;;;;;
ethiopian_somalian_cb_short;Subjugate $RECIPIENT$;;;;;;;;;;;;;
ethiopian_somalian_cb_setup;Bring Somalia under Ethiopian rule.;;;;;;;;;;;;;
NORMAL_ETHIOPIAN_SOMALIAN_WAR_NAME;$FIRST$-$SECOND$ War;;;;;;;;;;;;;
AGRESSION_ETHIOPIAN_SOMALIAN_WAR_NAME;$FIRST$-$SECOND$ War;;;;;;;;;;;;;
ethiopian_somalian2_cb;Slay the Phoenix;;;;;;;;;;;;;
ethiopian_somalian2_cb_desc;End §YEthiopian§! resurgence;;;;;;;;;;;;;
ethiopian_somalian2_cb_short;Cripple $RECIPIENT$;;;;;;;;;;;;;
ethiopian_somalian2_cb_setup;Put an end to Habeshi tyranny, once and for all.;;;;;;;;;;;;;
ogaden_war_cb;Expedition to Ogaden;;;;;;;;;;;;;
ogaden_war_cb_desc;Restore Imperial Rule in §YOgaden§!;;;;;;;;;;;;;
ogaden_war_cb_short;Punish $RECIPIENT$;;;;;;;;;;;;;
ogaden_war_cb_setup;Retake the Oromo lands, end the Somali threat.;;;;;;;;;;;;;
tooltip_14;§RA storm is brewing in the countryside...§b;;;;;;;;;;;;;
tooltip_15;§GThe Long Regency comes to an end!§!\n;;;;;;;;;;;;;
KAF_democracy;Ensetic Union;;;;;;;;;;;;;;
KAF_democracy_ADJ;Ensetic;;;;;;;;;;;;;;
KAF_radical_republic;Ensetic Republic;;;;;;;;;;;;;;
KAF_radical_republic_ADJ;Ensetic;;;;;;;;;;;;;;
KAF_fascist_dictatorship;Ensetic State;;;;;;;;;;;;;;
KAF_fascist_dictatorship_ADJ;Ensetic;;;;;;;;;;;;;;
KAF_proletarian_dictatorship;Ensetic People's Republic;;;;;;;;;;;;;;
KAF_proletarian_dictatorship_ADJ;Ensetic;;;;;;;;;;;;;;
ETH_5y_cooldown;Influence Decrease Cooldown;;;;;;;;;;;;;;
ETH_5y_cooldown_desc;We can't decrease influence of the Regency while this modifier is present.;;;;;;;;;;;;;;
ETH_demographic_crisis;Demographic Collapse;;;;;;;;;;;;;;
ETH_demographic_crisis_desc;Our country is undergoing rapid demographic collapse due to overexploitation of the population.;;;;;;;;;;;;;;
NORMAL_WAR_RESTORE_ORDER_NAME_ETH_JIM;Ethiopian Conquest of Jimma;;;;;;;;;;;;;
AGRESSION_WAR_RESTORE_ORDER_NAME_ETH_JIM;Ethiopian Conquest of Jimma;;;;;;;;;;;;;
tooltip_16;§GThe power struggle enters its final phase, as we are now able to openly work against the Regency!§!\n;;;;;;;;;;;;;;
ETH_infl_verylow_effect;Because of §GVery Low§! influence, the following will happen:;;;;;;;;;;;;;;
ETH_infl_low_effect;Because of §GLow§! influence, the following will happen;;;;;;;;;;;;;;
ETH_infl_medium_effect;Because of §YMedium§! influence, the following will happen;;;;;;;;;;;;;;
ETH_infl_high_effect;Because of §RHigh§! influence, the following will happen;;;;;;;;;;;;;;
ETH_infl_veryhigh_effect;Because of §RVery High§! influence, the following will happen;;;;;;;;;;;;;;
ETH_infl_exthigh_effect;Because of §RExtremely High§! influence, the following will happen;;;;;;;;;;;;;;
ETH_verylow_modf;National Rejuvenation;;;;;;;;;;;;;;
ETH_verylow_modf_desc;Defeat of the usurpers brought new hope to the people of Ethiopia, while the reforms made have had a wondrous effect on our country.;;;;;;;;;;;;;;
ETH_low_modf;National Rejuvenation;;;;;;;;;;;;;;
ETH_low_modf_desc;Defeat of the usurpers brought new hope to the people of Ethiopia, while the reforms made have had a wondrous effect on our country.;;;;;;;;;;;;;;
ETH_medium_modf;National Recovery;;;;;;;;;;;;;;
ETH_medium_modf_desc;Though the usurpers have been defeated, there is still much left to resolve. The many connections the savages had are hurting our country to this day.;;;;;;;;;;;;;;
ETH_high_modf;National Recovery;;;;;;;;;;;;;;
ETH_high_modf_desc;Though the usurpers have been defeated, there is still much left to resolve. The many connections the savages had are hurting our country to this day.;;;;;;;;;;;;;;
ETH_veryhigh_modf;National Malaise;;;;;;;;;;;;;;
ETH_veryhigh_modf_desc;Defeat of the usurpers came at a great cost. It was no secret the Emperor was going to win eventually, but it was no reason to allow the hydra to grow.;;;;;;;;;;;;;;
ETH_exthigh_modf;National Malaise;;;;;;;;;;;;;;
ETH_exthigh_modf_desc;Defeat of the usurpers came at a great cost. It was no secret the Emperor was going to win eventually, but it was no reason to allow the hydra to grow.;;;;;;;;;;;;;;
down_to_earth;Down to Earth;;;;;;;;;;;;;;
down_to_earth_desc;Our ruler is loved by the commoners.;;;;;;;;;;;;;;
ETH_corruption;Widespread Corruption;;;;;;;;;;;;;;
ETH_corruption_desc;Corruption is present in all echelons of the government, ensuring the bureaucracy's loyalty but hurting the state's development.;;;;;;;;;;;;;;
nestorian;Nestorian;;;;;;;;;;;;;;
tooltip_17;§RWe will launch the coup to return full power to the Emperor.\n§WFor the best outcome, lower the §RRegency§! influence level to §GLow§! or §GVery Low§!.§b;;;;;;;;;;;;;;
ETH_mad_king_modf_1;Cruel Emperor;;;;;;;;;;;;;;
ETH_mad_king_modf_1_desc;Our Negus has become a little too prone to fits of rage and acts of cruelty.;;;;;;;;;;;;;;
ETH_mad_king_modf_2;Mad Emperor;;;;;;;;;;;;;;
ETH_mad_king_modf_2_desc;The Negus has truly lost his marbles. We can only pray for our survival and wait until God claims his poor soul.;;;;;;;;;;;;;;
KDS_theocracy;The Sharfadin Shekhdom;;;;;;;;;;;;;;
KDS_absolute_empire;The Kurmanci Empire;;;;;;;;;;;;;;
KDS_semi_constitutional_empire;The Kurmanci Empire;;;;;;;;;;;;;;
KDS_constitutional_empire;The Kurmanci Empire;;;;;;;;;;;;;;
KDS_democracy;Kurmancie;;;;;;;;;;;;;;
KDS_proletarian_dictatorship;People's Republic of Kurmancie;;;;;;;;;;;;;;
KDS_powerful_tribe;Powerful Kurdish Tribe;;;;;;;;;;;;;;
rename_rhomania_tt;Country name changes to §YThe Empire of Rhomania§!.§b;;;;;;;;;;;;;;
BYZ_identity_crisis;Identity Crisis;;;;;;;;;;;;;;
BYZ_identity_crisis_desc;Are we Romans? Are we Greeks? Are we Byzantines? And haven't we just discussed this issue, like, a decade ago?;;;;;;;;;;;;;;
new_decisions_tt;§GNew decisions available!§b;;;;;;;;;;;;;;
ASY_kurd_integration_tt;§GThe Kurds shall be fully integrated in about 10 years.§b;;;;;;;;;;;;;;
NORMAL_WAR_CONQUEST_ANY_NAME_ASY_BZD;Kurdish-Assyrian War;;;;;;;;;;;;;
AGRESSION_WAR_CONQUEST_ANY_NAME_ASY_BZD;Kurdish-Assyrian War;;;;;;;;;;;;;
NORMAL_WAR_CONQUEST_ANY_NAME_ASY_BDN;Kurdish-Assyrian War;;;;;;;;;;;;;
AGRESSION_WAR_CONQUEST_ANY_NAME_ASY_BDN;Kurdish-Assyrian War;;;;;;;;;;;;;
NORMAL_WAR_CONQUEST_ANY_NAME_ASY_MKU;Kurdish-Assyrian War;;;;;;;;;;;;;
AGRESSION_WAR_CONQUEST_ANY_NAME_ASY_MKU;Kurdish-Assyrian War;;;;;;;;;;;;;
NORMAL_WAR_CONQUEST_ANY_NAME_ASY_BTL;Rumi-Assyrian War;;;;;;;;;;;;;
AGRESSION_WAR_CONQUEST_ANY_NAME_ASY_BTL;Rumi-Assyrian War;;;;;;;;;;;;;
ASY_colonial_company;Exarchate of Assyria;;;;;;;;;;;;;
KDS_more_mob;Tribal Mobilization;;;;;;;;;;;;;;
KDS_more_mob_desc;The drums of war can be heard in every nook and cranny: the tribes are being mobilized for war.;;;;;;;;;;;;;;
KDS_tribute_cooldown;Tribute Collection Cooldown;;;;;;;;;;;;;;
KDS_tribute_cooldown_desc;We can't collect tribute while this modifier is present.;;;;;;;;;;;;;;
EGY_beirut;Independent Trade City;;;;;;;;;;;;;;
EGY_ARE_modf;Middle Eastern Profits;;;;;;;;;;;;;;
EGY_ARE_modf_desc;We are exploiting the untapped market of Phoenice, free of competition.;;;;;;;;;;;;;;
EGY_syriac_unrest;Syriac Disobedience;;;;;;;;;;;;;;
BYZ_syria_infamy_notf;§GIt is heavily recommended that you do not exceed 20 infamy when the year 1850 comes.§!\n;;;;;;;;;;;;;;
SOM_darod_tt;(§B!§!)The Darod is the largest, most influential Somali clan. They have historically gravitated towards politics, and have produced many rulers and military leaders. Today, they enjoy large political autonomy, for which they are willing to fight.§b;;;;;;;;;;;;;;
SOM_hawiye_tt;(§B!§!)The Hawiye inhabit the coastal areas of Somalia north of Mogadishu. Through their favorable geographic position the Hawiye controlled trade routes, and as such have a strong tradition of management and bureaucracy. It would be a great blow to the Hawiye if they were removed from administration.§b;;;;;;;;;;;;;;
SOM_dir_tt;(§B!§!)Though their lands are worth little, and their numbers are not great, the Dir are the proudest clan. They claim ancestry from the 7th century, and are known for deeds in Islamic philosophy and theology. Their identity is going to be a tough nut to crack.§b;;;;;;;;;;;;;;
SOM_isaaq_tt;(§B!§!)Inhabiting Northern Somalia, the Isaaq control a densely populated, though relatively small territory. They are known as the most mercantile of the clans, and to crush them we will have to limit their economic freedoms.§b;;;;;;;;;;;;;;
SOM_rahanweyn_tt;(§B!§!)The Rahanweyn live in the fertile valleys of the Jubba and Shebelle rivers, which allows them to practice agriculture. The Geledi clan is a subclan of the Rahanweyn, so we will only have to upturn the other clans - something that can be done by taking reins of agriculture and using our ties within the local nobility to slowly root out the Rahanweyn influence.§b;;;;;;;;;;;;;;
SOM_clandone_tt;§GThis clan has been dealt with!§b;;;;;;;;;;;;;;
req_adminreform;\n§!(§G*§!)One of the following must be true:\nAdministrative Reform is  §YAdministrative Reform§!\nor Have invented §YState & Government§!.§b;;;;;;;;;;;;;;
req_noadminreform;\n§!(§RX§!)One of the following must be true:\nAdministrative Reform is  §YAdministrative Reform§!\nor Have invented §YState & Government§!.§b;;;;;;;;;;;;;;
req_financereform;\n§!(§G*§!)One of the following must be true:\nFinancial Reform is  §YEnact Financial Reform§!\nor Have invented §YMarket Structure§!.§b;;;;;;;;;;;;;;
req_nofinancereform;\n§!(§RX§!)One of the following must be true:\nFinancial Reform is  §YEnact Financial Reform§!\nor Have invented §YMarket Structure§!.§b;;;;;;;;;;;;;;
req_prestige10;\n§!(§G*§!)# Prestige at least §Y10.0§b;;;;;;;;;;;;;;
req_noprestige10;\n§!(§RX§!)# Prestige at least §Y10.0§b;;;;;;;;;;;;;;
req_landreform;\n§!(§G*§!)One of the following must be true:\nLand Reform is  §YLand Reform§!\nor Have invented §YHigh-Pressure Steam Engine§!.§b;;;;;;;;;;;;;;
req_nolandreform;\n§!(§RX§!)One of the following must be true:\nLand Reform is  §YLand Reform§!\nor Have invented §YHigh-Pressure Steam Engine§!.§b;;;;;;;;;;;;;;
req_positivism;\n§!(§G*§!)Have invented §YPositivism§b;;;;;;;;;;;;;;
req_nopositivism;\n§!(§RX§!)Have invented §YPositivism§b;;;;;;;;;;;;;;
req_money75k;\n§!(§G*§!)Money is at least §Y50000.000§!.§b;;;;;;;;;;;;;;
req_nomoney75k;\n§!(§RX§!)Money is at least §Y50000.000§!.§b;;;;;;;;;;;;;;
req_milscore;\n§!(§G*§!)Have a higher Military Score than: §Y50.0§b;;;;;;;;;;;;;;
req_nomilscore;\n§!(§RX§!)Have a higher Military Score than: §Y50.0§b;;;;;;;;;;;;;;
SOM_darod;Darod Clan;;;;;;;;;;;;;;
SOM_hawiye;Hawiye Clan;;;;;;;;;;;;;;
SOM_dir;Dir Clan;;;;;;;;;;;;;;
SOM_isaaq;Isaaq Clan;;;;;;;;;;;;;;
SOM_rahanweyn;Rahanweyn Clan;;;;;;;;;;;;;;
OMA_sayhadi_education;Sayhadi Education;;;;;;;;;;;;;;
OMA_sayhadi_education_desc;Sayhadi identity is being boasted and enforced through education and mass indctrination of the youth, helping the cause greatly.;;;;;;;;;;;;;;
YEM_theocracy;Zaydi Imamate;;;;;;;;;;;;;;
NAJ;Najran;;;;;;;;;;;;;;
NAJ_ADJ;Najrani;;;;;;;;;;;;;;
YEM_absolute_empire;Baidah Sultanate;;;;;;;;;;;;;;
YEM_semi_constitutional_empire;Baidah Sultanate;;;;;;;;;;;;;;
YEM_constitutional_empire;Baidah Sultanate;;;;;;;;;;;;;;
ruthene;Ruthene;;;;;;;;;;;;;;
litvine;Litvine;;;;;;;;;;;;;;
samogitian;Samogitian;;;;;;;;;;;;;;
NAJ_absolute_empire;Emirate of Yemen;;;;;;;;;;;;;;
NAJ_semi_constitutional_empire;Emirate of Yemen;;;;;;;;;;;;;;
NAJ_constitutional_empire;Emirate of Yemen;;;;;;;;;;;;;;
NAJ_absolute_empire_ADJ;Yemeni;;;;;;;;;;;;;;
NAJ_semi_constitutional_empire_ADJ;Yemeni;;;;;;;;;;;;;;
NAJ_constitutional_empire_ADJ;Yemeni;;;;;;;;;;;;;;
HDJ_mob_modifier;Tribal Mobilization;;;;;;;;;;;;;;
HDJ_mob_modifier_desc;We are the last line of defence against complete Wahhabi domination of Arabia. Their twisted view of Islam must not spread!;;;;;;;;;;;;;;
ARA_mob_modifier;Tribal Mobilization;;;;;;;;;;;;;;
ARA_mob_modifier_desc;Rise, O Faithful! Traitors are at our doors. Every Muslim must do their part to retake the Holy City!;;;;;;;;;;;;;;
ARA_yemen_resistance;Yemeni Resistance;;;;;;;;;;;;;;
NORMAL_WAR_RESTORE_ORDER_NAME_NEJ_HAL;The Desert War;;;;;;;;;;;;;
AGRESSION_WAR_RESTORE_ORDER_NAME_NEJ_HAL;The Desert War;;;;;;;;;;;;;
NORMAL_WAR_RESTORE_ORDER_NAME_HAL_NEJ;The Desert War;;;;;;;;;;;;;
AGRESSION_WAR_RESTORE_ORDER_NAME_HAL_NEJ;The Desert War;;;;;;;;;;;;;
HDJ_colonial_company;Sharifate of Mecca;;;;;;;;;;;;;;
ARA;Arabia;;;;;;;;;;;;;
ARA_ADJ;Arabian;;;;;;;;;;;;;
ARA_absolute_empire;Emirate of Diriyah;;;;;;;;;;;;;
ARA_absolute_empire_ADJ;Wahhabi;;;;;;;;;;;;;
ARA_semi_constitutional_empire;Emirate of Diriyah;;;;;;;;;;;;;
ARA_semi_constitutional_empire_ADJ;Wahhabi;;;;;;;;;;;;;
ARA_constitutional_empire;Emirate of Diriyah;;;;;;;;;;;;;
ARA_constitutional_empire_ADJ;Wahhabi;;;;;;;;;;;;;
ARA_theocracy;Muwahhidun Caliphate;;;;;;;;;;;;;
ARA_theocracy_ADJ;Wahhabi;;;;;;;;;;;;;
ARA_absolute_monarchy;Arabian Sultanate;;;;;;;;;;;;;
ARA_prussian_constitutionalism;Kingdom of Arabia;;;;;;;;;;;;;
ARA_hms_government;Kingdom of Arabia;;;;;;;;;;;;;
ARA_democracy;Arabian Republic;;;;;;;;;;;;;
ARA_proletarian_dictatorship;Arabian Socialist Republic;;;;;;;;;;;;;
NORMAL_SYRIAC_CRISIS_WAR_NAME;The Syriac Crisis;;;;;;;;;;;;;
AGRESSION_SYRIAC_CRISIS_WAR_NAME;The Syriac Crisis;;;;;;;;;;;;;
syriac_crisis;Syriac Crisis;;;;;;;;;;;;;
syriac_crisis_desc;End Muslim rule over §YSyria§!;;;;;;;;;;;;;
syriac_crisis_short;Take Syria from $RECIPIENT$;;;;;;;;;;;;;
syriac_crisis_setup;The Christians of Syria deserve a Christian government.;;;;;;;;;;;;;
alexandria_modf;The Dimming Pearl;;;;;;;;;;;;;
LBN_colonial_company;Exarchate of Syria;;;;;;;;;;;;;
IRQ_colonial_company;Exarchate of Mesopotamia;;;;;;;;;;;;;
FRA;France;;;;;;;;;;;;;
FRA_ADJ;French;;;;;;;;;;;;;
FRA_absolute_monarchy;Royaume-Uni;;;;;;;;;;;;;
FRA_prussian_constitutionalism;Royaume-Uni;;;;;;;;;;;;;
FRA_hms_government;Royaume-Uni;;;;;;;;;;;;;
FRA_democracy;France;;;;;;;;;;;;;
FRA_presidential_dictatorship;French Republic;;;;;;;;;;;;;
FRA_fascist_dictatorship;French State;;;;;;;;;;;;;
FRA_absolute_empire;The French Empire;;;;;;;;;;;;;
FRA_semi_constitutional_empire;The French Empire;;;;;;;;;;;;;
FRA_constitutional_empire;The French Empire;;;;;;;;;;;;;
FRA_proletarian_dictatorship;Commune of France;;;;;;;;;;;;;
GER_league;German Confederation;;;;;;;;;;;;;
SVY_colonial_company;Governorate of Savoy;;;;;;;;;;;;;
PAR_colonial_company;Governorate of Parma;;;;;;;;;;;;;
MOD_colonial_company;Governorate of Modena;;;;;;;;;;;;;
RMG_colonial_company;Governorate of Romagna;;;;;;;;;;;;;
ITS;Apenninia;;;;;;;;;;;;;
ITS_ADJ;Apennine;;;;;;;;;;;;;
ITS_democracy;Apennine Republic;;;;;;;;;;;;;
ITS_radical_republic;Roman Republic;;;;;;;;;;;;;
ITS_theocracy;Italian Confederation;;;;;;;;;;;;;
ITS_theocracy_ADJ;Papal;;;;;;;;;;;;;
ITS_league;Italian Confederation;;;;;;;;;;;;;
ITS_proletarian_dictatorship;Federation of Italian Communes;;;;;;;;;;;;;
ITS_fascist_dictatorship;Roman State;;;;;;;;;;;;;
ITS_absolute_monarchy;Italian Confederation;;;;;;;;;;;;;
ITS_prussian_constitutionalism;Italian Confederation;;;;;;;;;;;;;
ITS_hms_government;Italian Confederation;;;;;;;;;;;;;
NORMAL_WAR_RESTORE_ORDER_NAME_ARE_LOM;Arelat Intervention in Italy;;;;;;;;;;;;;
AGRESSION_WAR_RESTORE_ORDER_NAME_ARE_LOM;Arelat Intervention in Italy;;;;;;;;;;;;;
CLT;Gaeldom;;;;;;;;;;;;;
CLT_ADJ;Gaelic;;;;;;;;;;;;;
CLT_absolute_monarchy;Gaelic Kingdom;;;;;;;;;;;;;
CLT_hms_government;Gaelic Kingdom;;;;;;;;;;;;;
CLT_prussian_constitutionalism;Gaelic Kingdom;;;;;;;;;;;;;
CLT_absolute_empire;Celtic Union;;;;;;;;;;;;;
CLT_absolute_empire_ADJ;Celtic;;;;;;;;;;;;;
CLT_semi_constitutional_empire;Celtic Union;;;;;;;;;;;;;
CLT_semi_constitutional_empire_ADJ;Celtic;;;;;;;;;;;;;
CLT_constitutional_empire;Celtic Union;;;;;;;;;;;;;
CLT_constitutional_empire_ADJ;Celtic;;;;;;;;;;;;;
CLT_fascist_dictatorship;Gaelic State;;;;;;;;;;;;;
CLT_proletarian_dictatorship;Gaelic Socialist Union;;;;;;;;;;;;;
CLT_democracy;Gaelic Republic;;;;;;;;;;;;;
potato_blight_special;Potato Blight;;;;;;;;;;;;;
severe_drought;Severe Drought;;;;;;;;;;;;;
MID;Estat di Migjorn;;;;;;;;;;;;;
MID_ADJ;Transalpine;;;;;;;;;;;;;
MID_absolute_monarchy;Transalpinia;;;;;;;;;;;;;
MID_hms_government;Transalpinia;;;;;;;;;;;;;
MID_prussian_constitutionalism;Transalpinia;;;;;;;;;;;;;
MID_absolute_empire;Narbonensia;;;;;;;;;;;;;
MID_absolute_empire_ADJ;Narbonensian;;;;;;;;;;;;;
MID_semi_constitutional_empire;Narbonensia;;;;;;;;;;;;;
MID_semi_constitutional_empire_ADJ;Narbonensian;;;;;;;;;;;;;
MID_constitutional_empire;Narbonensia;;;;;;;;;;;;;
MID_constitutional_empire_ADJ;Narbonensian;;;;;;;;;;;;;
MID_proletarian_dictatorship;Socialist Union of Four Peoples;;;;;;;;;;;;;
MID_democracy;Migjorn Republic;;;;;;;;;;;;;
potato_blight_tt;§BThe potato blight will spread rapidly until winter comes.§!;;;;;;;;;;;;;
tungusic;Tungusic;;;;;;;;;;;;;
AMU;Priamurje;;;;;;;;;;;;;
AMU_ADJ;Amurian;;;;;;;;;;;;;
AMU_absolute_monarchy;Amur Principality;;;;;;;;;;;;;
AMU_hms_government;Amur Principality;;;;;;;;;;;;;
AMU_prussian_constitutionalism;Amur Principality;;;;;;;;;;;;;
AMU_proletarian_dictatorship;Far Eastern Republic;;;;;;;;;;;;;
AMU_democracy;Amur Republic;;;;;;;;;;;;;
AMU_presidential_dictatorship;Zakitajschina;;;;;;;;;;;;;
AMU_fascist_dictatorship;Amurian State;;;;;;;;;;;;;
AFR;Africa;;;;;;;;;;;;;
AFR_ADJ;African;;;;;;;;;;;;;
AFR_absolute_monarchy;Kingdom of Africa;;;;;;;;;;;;;
AFR_hms_government;Kingdom of Africa;;;;;;;;;;;;;
AFR_prussian_constitutionalism;Kingdom of Africa;;;;;;;;;;;;;
AFR_democracy;Republic of Africa;;;;;;;;;;;;;
AFR_proletarian_dictatorship;African People's Republic;;;;;;;;;;;;;
AFR_fascist_dictatorship;African National State;;;;;;;;;;;;;
NORMAL_WAR_RESTORE_ORDER_NAME_AFR_SIC;Hauteville Civil War;;;;;;;;;;;;;
AGRESSION_WAR_RESTORE_ORDER_NAME_AFR_SIC;Hauteville Civil War;;;;;;;;;;;;;
NORMAL_WAR_RESTORE_ORDER_NAME_SIC_AFR;Hauteville Civil War;;;;;;;;;;;;;
AGRESSION_WAR_RESTORE_ORDER_NAME_SIC_AFR;Hauteville Civil War;;;;;;;;;;;;;
TRI_absolute_empire;Muradid Sultanate;;;;;;;;;;;;;
TRI_absolute_empire_ADJ;Muradid;;;;;;;;;;;;;
TRI_semi_constitutional_empire;Muradid Sultanate;;;;;;;;;;;;;
TRI_semi_constitutional_empire_ADJ;Muradid;;;;;;;;;;;;;
TRI_constitutional_empire;Muradid Sultanate;;;;;;;;;;;;;
TRI_constitutional_empire_ADJ;Muradid;;;;;;;;;;;;;
TUN;Ifriqiya;;;;;;;;;;;;;
TUN_ADJ;Ifriqiyan;;;;;;;;;;;;;
rename_muradid_tt;Country name changes to §YMuradid Sultanate§!.§b;;;;;;;;;;;;;;
ETH_regency_lvl_1;§RRegency§! influence: §BNonexistent§!;;;;;;;;;;;;;
ETH_regency_lvl_1_desc;This dynamic modifier changes based on our actions.;;;;;;;;;;;;;
ETH_regency_lvl_2;§RRegency§! influence: §GVery Low§!;;;;;;;;;;;;;
ETH_regency_lvl_2_desc;This dynamic modifier changes based on our actions.;;;;;;;;;;;;;
ETH_regency_lvl_3;§RRegency§! influence: §GLow§!;;;;;;;;;;;;;
ETH_regency_lvl_3_desc;This dynamic modifier changes based on our actions.;;;;;;;;;;;;;
ETH_regency_lvl_4;§RRegency§! influence: §YMedium§!;;;;;;;;;;;;;
ETH_regency_lvl_4_desc;This dynamic modifier changes based on our actions.;;;;;;;;;;;;;
ETH_regency_lvl_5;§RRegency§! influence: §RHigh§!;;;;;;;;;;;;;
ETH_regency_lvl_5_desc;This dynamic modifier changes based on our actions.;;;;;;;;;;;;;
ETH_regency_lvl_6;§RRegency§! influence: §RVery High§!;;;;;;;;;;;;;
ETH_regency_lvl_6_desc;This dynamic modifier changes based on our actions.;;;;;;;;;;;;;
ETH_regency_lvl_7;§RRegency§! influence: §ROverwhelming§!;;;;;;;;;;;;;
ETH_regency_lvl_7_desc;Ruh-roh.;;;;;;;;;;;;;
PLS_theocracy;State of Jerusalem;;;;;;;;;;;;;
PLS_theocracy_ADJ;Jerusalemite;;;;;;;;;;;;;
LEV;Levant;;;;;;;;;;;;;
LEV_ADJ;Levantine;;;;;;;;;;;;;
LEV_absolute_monarchy;Levantine Kingdom;;;;;;;;;;;;;
LEV_hms_government;Levantine Kingdom;;;;;;;;;;;;;
LEV_prussian_constitutionalism;Levantine Kingdom;;;;;;;;;;;;;
LEV_democracy;Levantine Union;;;;;;;;;;;;;
LEV_proletarian_dictatorship;Levantine People's Union;;;;;;;;;;;;;
LEV_fascist_dictatorship;Levantine National Union;;;;;;;;;;;;;
LEV_prov_gov_conservative;Egyptian Republic;;;;;;;;;;;;;
LEV_prov_gov_liberal;Egyptian Republic;;;;;;;;;;;;;
LEV_liberal;Harakat Amal;;;;;;;;;;;;;
LEV_conservative;at-Tayyar al-Horr;;;;;;;;;;;;;
LEV_socialist;Hizb al-TaKadum;;;;;;;;;;;;;
LEV_reactionary;Tayyar al-Karama;;;;;;;;;;;;;
LEV_radical;Harakat an-Nidal;;;;;;;;;;;;;
LEV_communist;Hizb al-Ittihad;;;;;;;;;;;;;
LEV_fascist;Nadi al-Muthanna;;;;;;;;;;;;;
EGY;Misr;;;;;;;;;;;;;
EGY_ADJ;Misri;;;;;;;;;;;;;
EGY_democracy;Misri Republic;;;;;;;;;;;;;
EGY_absolute_monarchy;Sultanate of Misr;;;;;;;;;;;;;
EGY_prussian_constitutionalism;Kingdom of Egypt;;;;;;;;;;;;;
EGY_hms_government;Kingdom of Egypt;;;;;;;;;;;;;
EGY_conservative;Majlis Al-Shura;;;;;;;;;;;;;
EGY_conservative_2;al-Hizb al-Watani;;;;;;;;;;;;;
EGY_liberal;Majlis Shurat Al-Nuwwab;;;;;;;;;;;;;
EGY_liberal_2;al-Hizb al-Umma;;;;;;;;;;;;;
EGY_reactionary;Urabist Faction;;;;;;;;;;;;;
EGY_radical;Radical Faction;;;;;;;;;;;;;
EGY_socialist;Socialist Faction;;;;;;;;;;;;;
EGY_communist;Communist Faction;;;;;;;;;;;;;
EGY_fascist;Fascist Faction;;;;;;;;;;;;;
ARU;Arab Union;;;;;;;;;;;;;
ARU_ADJ;Arabic;;;;;;;;;;;;;
ARU_absolute_monarchy;Arab Sultanate;;;;;;;;;;;;;
ARU_prussian_constitutionalism;Arab Sultanate;;;;;;;;;;;;;
ARU_hms_government;Arab Kingdom;;;;;;;;;;;;;
ARU_proletarian_dictatorship;Arab People's Republic;;;;;;;;;;;;;
ARU_fascist_dictatorship;Arab Republic;;;;;;;;;;;;;
ARU_presidential_dictatorship;Arab Republic;;;;;;;;;;;;;
ARU_democracy;United Arab States;;;;;;;;;;;;;
ARU_theocracy;The Caliphate;;;;;;;;;;;;;
BYZ_bethlehem_tt;§GShould Syria and Assyria be organized as Exarchates, we will be able to integrate the Middle East directly.§b;;;;;;;;;;;;;
FRI_colonial_company;Duchy of Frisia;;;;;;;;;;;;;
DRM;Darmstadt;;;;;;;;;;;;;
DRM_ADJ;Darmstadter;;;;;;;;;;;;;
DRM_democracy;Odenwald;;;;;;;;;;;;;
DRM_democracy_ADJ;Odenwalder;;;;;;;;;;;;;
DRM_proletarian_dictatorship;Odenwalder Commune;;;;;;;;;;;;;
DRM_proletarian_dictatorship_ADJ;Odenwalder;;;;;;;;;;;;;
OCC_prov_gov_conservative;Republic of Gascony;;;;;;;;;;;;;
OCC_prov_gov_conservative_ADJ;Gascon;;;;;;;;;;;;;
OCC_prov_gov_liberal;Republic of Gascony;;;;;;;;;;;;;
OCC_prov_gov_liberal_ADJ;Gascon;;;;;;;;;;;;;
ALM;Altmark;;;;;;;;;;;;;
ALM_ADJ;Altmarker;;;;;;;;;;;;;
constantinople_accords;Constantinople Accords;;;;;;;;;;;;;
no_international_system;No International System;;;;;;;;;;;;;
impassable;Impassable;;;;;;;;;;;;;
BRB_flemish_modf;Entrenched Flemish Nobility;;;;;;;;;;;;;
BRB_flemish_revolt_tt;§ROr is it?..\n§!;;;;;;;;;;;;;
NORMAL_WAR_RESTORE_ORDER_NAME_BRB_FLA;The Flemish Revolt;;;;;;;;;;;;;
AGRESSION_WAR_RESTORE_ORDER_NAME_BRB_FLA;The Flemish Revolt;;;;;;;;;;;;;
uprising_10percent_mob_modf;National Mobilization;;;;;;;;;;;;;
uprising_10percent_mob_modf_desc;God is with us!;;;;;;;;;;;;;
BRB_states_resistance;Protest of the States General;;;;;;;;;;;;;
BRB_states_resistance_desc;The States General are in a conflict with the King. The reputation of His Majesty's Government is in shambles!;;;;;;;;;;;;;
WES_absolute_empire;Lower Saxony;;;;;;;;;;;;;
WES_absolute_empire_ADJ;Lower Saxony;;;;;;;;;;;;;
WES_semi_constitutional_empire;Lower Saxony;;;;;;;;;;;;;
WES_semi_constitutional_empire_ADJ;Lower Saxony;;;;;;;;;;;;;
WES_constitutional_empire;Lower Saxony;;;;;;;;;;;;;
WES_constitutional_empire_ADJ;Lower Saxony;;;;;;;;;;;;;
OBS;Observer;;;;;;;;;;;;;
OBS_ADJ;Observer;;;;;;;;;;;;;
EGY_colonial_company;Exarchate of Egypt;;;;;;;;;;;;;
WES_puppet_warning_tt;§RIf our rank falls below 16, we may be puppeted by Brabant!\n§!;;;;;;;;;;;;;
info_menu_tt;See the credits, gameplay changes and lore.§b;;;;;;;;;;;;;
options_menu_tt;Change gameplay settings.§b;;;;;;;;;;;;;
debug_menu_tt;Developer tools that you won't need unless you are a dev.§b;;;;;;;;;;;;;
mp_menu_tt;Makes this country a host.\n§RThe host is recommended to play as the Observer tag in Kerguelen!§b;;;;;;;;;;;;;
nopaths_menu_tt;Your country has no paths listed.§b;;;;;;;;;;;;;
BYZ;The Byzantine Empire;;;;;;;;;;;;;
BYZ_absolute_empire;The Byzantine Empire;;;;;;;;;;;;;
BYZ_semi_constitutional_empire;The Byzantine Empire;;;;;;;;;;;;;
BYZ_constitutional_empire;The Byzantine Empire;;;;;;;;;;;;;
RUM;Rumelia;;;;;;;;;;;;;
RUM_ADJ;Rumelian;;;;;;;;;;;;;
TUR;Turkistan;;;;;;;;;;;;;
TUR_democracy;Turkistan;;;;;;;;;;;;;
TUR_fascist_dictatorship;Turkistan;;;;;;;;;;;;;
TUR_ADJ;Turki;;;;;;;;;;;;;
TUR_hms_government;Benderlid Iran;;;;;;;;;;;;;
TUR_prussian_constitutionalism;Benderlid Iran;;;;;;;;;;;;;
TUR_absolute_monarchy;Benderlid Shahdom;;;;;;;;;;;;;
TUR_absolute_empire;The Sakarman Empire;;;;;;;;;;;;;
TUR_absolute_empire_ADJ;Sakarman;;;;;;;;;;;;;
TUR_semi_constitutional_empire;The Sakarman Empire;;;;;;;;;;;;;
TUR_semi_constitutional_empire_ADJ;Sakarman;;;;;;;;;;;;;
TUR_constitutional_empire;The Sakarman Empire;;;;;;;;;;;;;
TUR_constitutional_empire_ADJ;Sakarman;;;;;;;;;;;;;
TUR_proletarian_dictatorship;Socialist Republic of Turkistan;;;;;;;;;;;;;
rumi;Rumi;;;;;;;;;;;;;
turki;Turki;;;;;;;;;;;;;
TUR_proletarian_dictatorship;Rumelian Socialist Republic;;;;;;;;;;;;;
TUR_reactionary;Qurchi;;;;;;;;;;;;;
TUR_reactionary_2;Ittihad Party;;;;;;;;;;;;;
TUR_conservative;Grand Vizier;;;;;;;;;;;;;
TUR_conservative_2;Turki National Party;;;;;;;;;;;;;
TUR_liberal;Tanzimat Faction;;;;;;;;;;;;;
TUR_liberal_2;Liberal Democratic Party;;;;;;;;;;;;;
TUR_radical;Young Turkomans;;;;;;;;;;;;;
TUR_socialist;Turki Socialist Party;;;;;;;;;;;;;
TUR_communist;People's Party of Turkistan;;;;;;;;;;;;;
TUR_fascist;Turkist Movement;;;;;;;;;;;;;
AZB_reactionary;Qizilbash;;;;;;;;;;;;;
AZB_reactionary_2;Ittihad Party;;;;;;;;;;;;;
AZB_conservative;Grand Vizier;;;;;;;;;;;;;
AZB_conservative_2;Ittifaqi Muslimin;;;;;;;;;;;;;
AZB_liberal;Union of the Muslims;;;;;;;;;;;;;
AZB_liberal_2;Musavat Party;;;;;;;;;;;;;
AZB_radical;Azadliq Movement;;;;;;;;;;;;;
AZB_socialist;Hummet Party;;;;;;;;;;;;;
AZB_communist;Muslim Social Democratic Party;;;;;;;;;;;;;
AZB_fascist;Turkist Movement;;;;;;;;;;;;;
default_reactionary;Traditionalists;;;;;;;;;;;;;
default_reactionary_2;National Party;;;;;;;;;;;;;
default_conservative;Loyalists;;;;;;;;;;;;;
default_conservative_2;Conservative Party;;;;;;;;;;;;;
default_liberal;Reformists;;;;;;;;;;;;;
default_liberal_2;Liberal Party;;;;;;;;;;;;;
default_radical;Martletists;;;;;;;;;;;;;
default_socialist;Socialist Party;;;;;;;;;;;;;
default_communist;Communist Party;;;;;;;;;;;;;
default_fascist;Fascist Party;;;;;;;;;;;;;
ARA_conservative;Al-Muhafidh;;;;;;;;;;;;;
ARA_liberal;Al-Ahrar;;;;;;;;;;;;;
ARA_reactionary;Al-Da'wa al-Wahhabiyyah;;;;;;;;;;;;;
ARA_radical;Al-Hizb al-Metterf;;;;;;;;;;;;;
ARA_socialist;Hizb al-Ba'ath al-'Arabi al-Ishtiraki;;;;;;;;;;;;;
ARA_communist;Al-Hizb al-Shuyu'i;;;;;;;;;;;;;
ARA_fascist;Al-Hizb al-Fashy;;;;;;;;;;;;;
LBN;Syria;;;;;;;;;;;;;
LBN_ADJ;Syrian;;;;;;;;;;;;;
LBN_liberal;Dawronoye da-Suray;;;;;;;;;;;;;
LBN_conservative;Hayda la-Natra da-Suray;;;;;;;;;;;;;
LBN_socialist;Gusha da-Qummaya;;;;;;;;;;;;;
LBN_reactionary;Gusha da-Kataib;;;;;;;;;;;;;
LBN_reactionary_2;Hayda Malkaita;;;;;;;;;;;;;
LBN_radical;Mashlemanuta da-Suray da-Tarbaya;;;;;;;;;;;;;
LBN_communist;Syriac Socialist Party (S);;;;;;;;;;;;;
LBN_fascist;Nisrayya da-Supta;;;;;;;;;;;;;
ASY_reactionary;Traditionalists;;;;;;;;;;;;;
ASY_reactionary_2;Assyrian National Front;;;;;;;;;;;;;
ASY_conservative;Patriarchate of the East;;;;;;;;;;;;;
ASY_conservative_2;Khoyada;;;;;;;;;;;;;
ASY_conservative_3;Royal Divan;;;;;;;;;;;;;
ASY_liberal;Reformists;;;;;;;;;;;;;
ASY_liberal_2;Dawronoye;;;;;;;;;;;;;
ASY_radical;Zowaa;;;;;;;;;;;;;
ASY_socialist;Gabo d'Huyodo Suryoyo;;;;;;;;;;;;;
ASY_communist;Syriac Socialist Party (A);;;;;;;;;;;;;
ASY_fascist;Babylonist Movement;;;;;;;;;;;;;
ASY_persian_refugees;Persian Refugees;;;;;;;;;;;;;
ASY_persian_refugees_desc;Persian Assyrians are fleeing the war in Persia.;;;;;;;;;;;;;
AZB_theocracy;Tabriz;;;;;;;;;;;;;
AZB_theocracy_ADJ;Qizilbash;;;;;;;;;;;;;
ASY_conquest_of_persia_modf;Everything for the Army;;;;;;;;;;;;;
ASY_conquest_of_persia_modf_desc;The state's resources are spread thin helping the Army complete a great conquest.;;;;;;;;;;;;;
ASY_persia_warning_tt;§RWe estimate that the state's resources will be enough to support the army and the overextended administration for about 10 years. If we do not solidify our conquests in that time, consequences will be terrible!§b;;;;;;;;;;;;;
PER;Persia;;;;;;;;;;;;;
PER_ADJ;Persian;;;;;;;;;;;;;
PER_absolute_monarchy;Kingdom of Persia;;;;;;;;;;;;;
PER_prussian_constitutionalism;Kingdom of Persia;;;;;;;;;;;;;
PER_hms_government;Kingdom of Persia;;;;;;;;;;;;;
PER_fascist_dictatorship;The Oriental Empire;;;;;;;;;;;;;
PER_fascist_dictatorship_ADJ;Oriental;;;;;;;;;;;;;
PER_proletarian_dictatorship;Socialist Republic of Persia;;;;;;;;;;;;;
IRA;Iran;;;;;;;;;;;;;
IRA_ADJ;Iranian;;;;;;;;;;;;;
IRA_absolute_empire;Imperial State of Iran;;;;;;;;;;;;;
IRA_semi_constitutional_empire;Imperial State of Iran;;;;;;;;;;;;;
IRA_constitutional_empire;Imperial State of Iran;;;;;;;;;;;;;
IRA_fascist_dictatorship;The Aryan Empire;;;;;;;;;;;;;
IRA_fascist_dictatorship_ADJ;Aryan;;;;;;;;;;;;;
IRA_proletarian_dictatorship;Iranian Socialist Republic;;;;;;;;;;;;;
PER_conservative;Shahist Faction;;;;;;;;;;;;;
PER_liberal;Constitutionalist Party;;;;;;;;;;;;;
PER_liberal_2;National Front;;;;;;;;;;;;;
PER_reactionary;Ulama Faction;;;;;;;;;;;;;
PER_reactionary_2;Union of the Muslims;;;;;;;;;;;;;
PER_radical;Bazaari Faction;;;;;;;;;;;;;
PER_socialist;Hizb-e Socialyist;;;;;;;;;;;;;
PER_communist;Tudeh Party of Iran;;;;;;;;;;;;;
PER_fascist;SUMKA;;;;;;;;;;;;;
ASY_nestorian_isolation;Isolation of the Assyrian Church;;;;;;;;;;;;;
ASY_nestorian_isolation_desc;The uncertain theology of the Church of the East neither outright rejects the Nestorian doctrine, branded as heretical by the Western Churches, nor embraces it, which leaves it an unwilling hermit.;;;;;;;;;;;;;
LBN_league;Beth Nahrain;;;;;;;;;;;;;
LBN_league_ADJ;Nahrainean;;;;;;;;;;;;;
ASY_absolute_empire;Beth Nahrain;;;;;;;;;;;;;
ASY_semi_constitutional_empire;Beth Nahrain;;;;;;;;;;;;;
ASY_constitutional_empire;Beth Nahrain;;;;;;;;;;;;;
ASY_absolute_empire_ADJ;Nahrainean;;;;;;;;;;;;;
ASY_semi_constitutional_empire_ADJ;Nahrainean;;;;;;;;;;;;;
ASY_constitutional_empire_ADJ;Nahrainean;;;;;;;;;;;;;
ASY_fascist_dictatorship;The Assyrian Empire;;;;;;;;;;;;;
rename_nahrain_tt;Country name changes to §YBeth Nahrain§!.§b;;;;;;;;;;;;;;
BLC_absolute_monarchy;Khanate of Kalat;;;;;;;;;;;;;
BLC_prussian_constitutionalism;Kingdom of Kalat;;;;;;;;;;;;;
ASY_university_1;University of Nineveh;;;;;;;;;;;;;
ASY_university_1_desc;The University of Nineveh serves as the center of Assyrian learning and one of the greatest means of supporting the Assyrian culture in all of its forms.;;;;;;;;;;;;;
ASY_university_2;University of Baghdad;;;;;;;;;;;;;
ASY_university_2_desc;The University of Baghdad serves as the center of Persian learning and one of the greatest means of supporting the Persian culture in all of its forms.;;;;;;;;;;;;;
ASY_resitance_to_conversion;Resistance to Assimilation;;;;;;;;;;;;;
ASY_resitance_to_conversion_desc;Our discriminatory education system has triggered a national awakening among the peoples of $COUNTRY$, decreasing the effeciency of assimilation.;;;;;;;;;;;;;
PER_sword_and_fire_modf;§RSword and Fire§!;;;;;;;;;;;;;
PER_sword_and_fire_modf_desc;Persia will be cleansed of filth by any means necessary.\n\n§RThis modifier massively increases religious conversion speed!§!;;;;;;;;;;;;;
large_religious_effort;Large Religious Conversion Effort;;;;;;;;;;;;;
PER_eshaya_tt;§GThe Eshaya line is sure to give the heathens a rumble, while also refusing Western influence, be it Greek or Roman.§!\n;;;;;;;;;;;;;
PER_zazoyo_tt;§GThe Zazoyos are descended from Masud Zazoyo, a famous 16th century Orthodox author. They will surely not disawow their Orthodox roots.§!\n;;;;;;;;;;;;;
PER_qavam_tt;§GDue to Qavam wealth and political power, it was often said that in Shiraz "before Ali Shah, Qavams were Shah here".§!\n;;;;;;;;;;;;;
PER_orthodox_alliance;Unity of the Eastern Churches;;;;;;;;;;;;;
PER_orthodox_alliance_desc;The Eastern Orthodox Church and the Church of the East are now in an unbreakable alliance, representing the united heritage of the Eastern Churches.;;;;;;;;;;;;;
PER_catholic_alliance;An Eastern Catholic Church;;;;;;;;;;;;;
PER_catholic_alliance_desc;The Church of the East has recognized the authority of the Pope, and acquired a special autonomous status within the Catholic Church.;;;;;;;;;;;;;
PER_independent_nestorianism;The Nestorian Church;;;;;;;;;;;;;
PER_independent_nestorianism_desc;The Church of the East has reaffirmed the ancient Nestorian theology, seeking to distance itself further from the Western Churches.;;;;;;;;;;;;;
PER_absolute_reward_tt;§GBecause we have crowned the Eshaya dynasty, we will get the following rewards:§!\n;;;;;;;;;;;;;
PER_semiabsolute_reward_tt;§GBecause we have crowned the Zazoyo dynasty, we will get the following rewards:§!\n;;;;;;;;;;;;;
PER_constitutional_reward_tt;§GBecause we have crowned the Qavam dynasty, we will get the following rewards:§!\n;;;;;;;;;;;;;
